<?xml version="1.0" encoding="UTF-8"?>
<project-private xmlns="http://www.netbeans.org/ns/project-private/1">
    <editor-bookmarks xmlns="http://www.netbeans.org/ns/editor-bookmarks/2" lastBookmarkId="0"/>
    <open-files xmlns="http://www.netbeans.org/ns/projectui-open-files/2">
        <group>
            <file>file:/C:/Users/jpu20/Documents/GitHub/Digital_2_19249/Lab_04/slave04_01.X/config_ADC.c</file>
            <file>file:/C:/Users/jpu20/Documents/GitHub/Digital_2_19249/Lab_04/slave04_01.X/main02.c</file>
            <file>file:/C:/Users/jpu20/Documents/GitHub/Digital_2_19249/Lab_04/slave04_01.X/I2C.h</file>
        </group>
    </open-files>
</project-private>
