<?xml version="1.0" encoding="UTF-8"?>
<project-private xmlns="http://www.netbeans.org/ns/project-private/1">
    <editor-bookmarks xmlns="http://www.netbeans.org/ns/editor-bookmarks/2" lastBookmarkId="0"/>
    <open-files xmlns="http://www.netbeans.org/ns/projectui-open-files/2">
        <group>
            <file>file:/C:/Users/jpu20/Documents/GitHub/Digital_2_19249/Lab_05/Lab05.X/main_05.c</file>
            <file>file:/C:/Users/jpu20/Documents/GitHub/Digital_2_19249/Lab_05/Lab05.X/config_USART_1.c</file>
            <file>file:/C:/Users/jpu20/Documents/GitHub/Digital_2_19249/Lab_05/Lab05.X/config_USART_1.h</file>
        </group>
    </open-files>
</project-private>
