<?xml version="1.0" encoding="UTF-8"?>
<project-private xmlns="http://www.netbeans.org/ns/project-private/1">
    <editor-bookmarks xmlns="http://www.netbeans.org/ns/editor-bookmarks/2" lastBookmarkId="0"/>
    <open-files xmlns="http://www.netbeans.org/ns/projectui-open-files/2">
        <group>
            <file>file:/C:/Users/jpu20/Documents/GitHub/Digital_2_19249/Lab_02/Lab_02.X/LCD_8b.c</file>
            <file>file:/C:/Users/jpu20/Documents/GitHub/Digital_2_19249/Lab_02/Lab_02.X/main_02.c</file>
            <file>file:/C:/Users/jpu20/Documents/GitHub/Digital_2_19249/Lab_02/Lab_02.X/config_USART.h</file>
            <file>file:/C:/Users/jpu20/Documents/GitHub/Digital_2_19249/Lab_02/Lab_02.X/LCD_8b.h</file>
            <file>file:/C:/Users/jpu20/Documents/GitHub/Digital_2_19249/Lab_02/Lab_02.X/config_USART.c</file>
        </group>
    </open-files>
</project-private>
